{"total": {"Bleu_1": 0.1060606060598026, "Bleu_2": 0.04008714107628071, "Bleu_3": 4.060688190038119e-07, "Bleu_4": 1.700893944720852e-09, "METEOR": 0.052939766516535786, "ROUGE_L": 0.09874620220377191, "CIDEr": 0.25879446328889255, "exact_match": 0.030303030303030304, "count": 66}, "default": {"Bleu_1": 0.0430353988169494, "Bleu_2": 2.1517699407667775e-09, "Bleu_3": 1.585437647440238e-11, "Bleu_4": 2.420058319491959e-10, "METEOR": 0.03602222117371818, "ROUGE_L": 0.08333333333333333, "CIDEr": 0.20833333333333334, "exact_match": 0.08333333333333333, "count": 12}, "non-default": {"Bleu_1": 0.11607142857039224, "Bleu_2": 0.044735126321954505, "Bleu_3": 4.4312185141465196e-07, "Bleu_4": 1.8160168684775168e-09, "METEOR": 0.056275184782576856, "ROUGE_L": 0.10217128417498048, "CIDEr": 0.26728269661095866, "exact_match": 0.018518518518518517, "count": 54}}