{"total": {"Bleu_1": 0.09523809523744738, "Bleu_2": 0.05216405309518009, "Bleu_3": 5.060278900753688e-07, "Bleu_4": 2.155723359795945e-09, "METEOR": 0.03902593898641089, "ROUGE_L": 0.09606264935438193, "CIDEr": 0.2606152889558659, "exact_match": 0.03896103896103896, "count": 77}, "default": {"Bleu_1": 0.0430353988169494, "Bleu_2": 2.1517699407667775e-09, "Bleu_3": 1.585437647440238e-11, "Bleu_4": 2.420058319491959e-10, "METEOR": 0.03602222117371818, "ROUGE_L": 0.08333333333333333, "CIDEr": 0.20833333333333334, "exact_match": 0.08333333333333333, "count": 12}, "non-default": {"Bleu_1": 0.10236220472360345, "Bleu_2": 0.05746308905666273, "Bleu_3": 5.485918027534712e-07, "Bleu_4": 2.2903358595357717e-09, "METEOR": 0.03951420349446666, "ROUGE_L": 0.09841267692749857, "CIDEr": 0.2690896394852784, "exact_match": 0.03076923076923077, "count": 65}}