{"total": {"Bleu_1": 0.10156249999920657, "Bleu_2": 0.040803909326842, "Bleu_3": 4.2298693721868126e-07, "Bleu_4": 1.8845488702461576e-09, "METEOR": 0.06006250976980691, "ROUGE_L": 0.10712802724507502, "CIDEr": 0.246678653085186, "exact_match": 0.04477611940298507, "count": 67}, "default": {"Bleu_1": 0.05106188921750172, "Bleu_2": 2.55309446074743e-09, "Bleu_3": 1.7091255561933572e-11, "Bleu_4": 2.486723569269047e-10, "METEOR": 0.04756876302297018, "ROUGE_L": 0.1111111111111111, "CIDEr": 0.2777777777777778, "exact_match": 0.1111111111111111, "count": 9}, "non-default": {"Bleu_1": 0.10619469026454696, "Bleu_2": 0.04394101216664663, "Bleu_3": 4.513432371337766e-07, "Bleu_4": 1.9785288710966263e-09, "METEOR": 0.06153609654305593, "ROUGE_L": 0.10650996250724183, "CIDEr": 0.23932208942851577, "exact_match": 0.034482758620689655, "count": 58}}