{"total": {"Bleu_1": 0.1274335566387644, "Bleu_2": 0.05614358560445526, "Bleu_3": 5.15980238361193e-07, "Bleu_4": 2.1395209410977507e-09, "METEOR": 0.07811855051387825, "ROUGE_L": 0.1513748824166103, "CIDEr": 0.3565331862402399, "exact_match": 0.07142857142857142, "count": 84}, "default": {"Bleu_1": 0.14108028747001233, "Bleu_2": 0.10928032076671525, "Bleu_3": 1.7161576116767974e-06, "Bleu_4": 1.4382099027530252e-06, "METEOR": 0.0749091100338705, "ROUGE_L": 0.17561761546723953, "CIDEr": 0.6482444437777442, "exact_match": 0.14285714285714285, "count": 14}, "non-default": {"Bleu_1": 0.12466876887535952, "Bleu_2": 0.04251907720315357, "Bleu_3": 4.4531570114686163e-07, "Bleu_4": 1.9224749267290947e-09, "METEOR": 0.07852740114176535, "ROUGE_L": 0.14652633580648444, "CIDEr": 0.29878646989998775, "exact_match": 0.05714285714285714, "count": 70}}