{"total": {"Bleu_1": 0.09219858155962982, "Bleu_2": 0.03682202457095522, "Bleu_3": 3.8370844861265366e-07, "Bleu_4": 1.6854912849315837e-09, "METEOR": 0.055015039494128296, "ROUGE_L": 0.09832298390986335, "CIDEr": 0.2262645649923928, "exact_match": 0.0410958904109589, "count": 73}, "default": {"Bleu_1": 0.05106188921750172, "Bleu_2": 2.55309446074743e-09, "Bleu_3": 1.7091255561933572e-11, "Bleu_4": 2.486723569269047e-10, "METEOR": 0.04756876302297018, "ROUGE_L": 0.1111111111111111, "CIDEr": 0.2777777777777778, "exact_match": 0.1111111111111111, "count": 9}, "non-default": {"Bleu_1": 0.09523809523733939, "Bleu_2": 0.039193090083009446, "Bleu_3": 4.0572371346394925e-07, "Bleu_4": 1.757511938628254e-09, "METEOR": 0.05581715359288286, "ROUGE_L": 0.09652465352218789, "CIDEr": 0.21700330304362656, "exact_match": 0.03125, "count": 64}}